"","mean","se_mean","sd","X2.5.","X25.","X50.","X75.","X97.5.","n_eff","Rhat","task","sub"
"c",-0.247042532998938,7.27961132861134e-05,0.0195857310892024,-0.285644431883265,-0.260221469793993,-0.246947135818025,-0.233776953212627,-0.208954960581629,72387.4354048204,1.00005630747132,1,"NC01"
"c1",-2.64802215313885e-05,7.09868152944308e-05,0.0195839589750419,-0.0385211003082078,-0.0132264161053743,4.87471799401696e-05,0.0131142757308191,0.0384194622963817,76110.6789256144,1.00000124615814,2,"NC01"
"c2",5.26314144564766e-05,6.94150986418619e-05,0.0196524359433878,-0.0384432189032585,-0.0131522308711515,7.67798366173239e-05,0.0132862086919889,0.0387088234805302,80153.9424588721,1.00001637964313,3,"NC01"
"c3",0.247083306277041,7.49240531905004e-05,0.019583064543151,0.208604510386242,0.233943447899376,0.247088325557926,0.260305833412482,0.285507776632315,68315.4264293304,0.999999460066489,4,"NC01"
"c4",-0.24719025067699,7.05368446142325e-05,0.0192622974390293,-0.285037480951801,-0.260124522481153,-0.247196023158401,-0.234215427335489,-0.20941889256814,74573.4290374908,1.00006086501307,1,"NC02"
"c11",0.000154846560531821,7.20356444695643e-05,0.0192094159705755,-0.0373789316082252,-0.0128841398327129,0.000181433145387891,0.0131048042745076,0.0379147476428659,71110.4505410889,1.00003047245866,2,"NC02"
"c21",2.01380936968795e-05,7.04823056690753e-05,0.0191620915484552,-0.0376649358100283,-0.0128474859516751,1.96080376860948e-05,0.0128958808980737,0.0376188539594921,73913.814595764,1.00001892406975,3,"NC02"
"c31",0.247316646556058,7.09960293139904e-05,0.0191735852100028,0.209842786348046,0.234372474827976,0.247310742201584,0.26026158356047,0.284920274921105,72935.4279663481,0.999997767096291,4,"NC02"
"c5",-0.241262316370616,0.000135706180225046,0.0359520998315584,-0.311634013155031,-0.265514395856063,-0.241231607257251,-0.21701790238251,-0.171017425734235,70185.8023791805,1.00003206150131,1,"NC03"
"c12",0.000152103071597605,0.000135198917701569,0.0358374465166145,-0.0699843845213832,-0.0238845938547399,9.97419600033984e-05,0.0243442091816231,0.0703188900173894,70263.1612769966,1.00005136334415,2,"NC03"
"c22",0.000209368863408203,0.000135633787568837,0.035741810898007,-0.069867626253428,-0.0239071791256594,0.000272841857913195,0.0242855864444758,0.070278500995097,69441.217446005,1.00002592172395,3,"NC03"
"c32",0.241507603474013,0.000126747105111968,0.0357500707990805,0.171205865145083,0.217537345877176,0.24143798595368,0.265659178258051,0.311593304991618,79556.8748129789,1.00000752017645,4,"NC03"
"c6",-0.242217454240514,0.000115646782979148,0.0300183831973027,-0.301264347586088,-0.262443326370305,-0.242174399932409,-0.22186814963569,-0.183556212047278,67376.3503016754,1.00000454471879,1,"NC04"
"c13",-7.43263741797839e-06,0.000110466373067604,0.0299928004411954,-0.0590142110099982,-0.0200923527606971,6.51282819390756e-05,0.0201408065490909,0.0586637415869457,73718.0511850516,1.00004693928164,2,"NC04"
"c23",-0.000153799072003866,0.000107474706197997,0.0301425295942622,-0.0593027052799772,-0.0204850132173236,-7.84857138661464e-05,0.020241034055688,0.0589308883403197,78658.717082995,1.00004170026409,3,"NC04"
"c33",0.242226645547744,0.000112001052601829,0.0300607065567521,0.183357523534985,0.221973468180893,0.242211107512018,0.262458114639515,0.301310183832805,72036.7580980637,1.00002215679487,4,"NC04"
"c7",-0.246460813044838,8.53890401162748e-05,0.0233231513587949,-0.292172095607381,-0.262136867496453,-0.246373454747489,-0.230800552234211,-0.200734603173291,74605.388852383,1.00002380850186,1,"NC05"
"c14",-7.7308206566631e-05,9.09593288007089e-05,0.0232744439325599,-0.045808872608587,-0.0157721709656064,-6.71601119088643e-05,0.0156572801753406,0.0454369942723229,65473.2853143206,1.00001718144083,2,"NC05"
"c24",-7.43038759301016e-05,8.43899187170211e-05,0.023358834329889,-0.0459028969008411,-0.0157637386507465,-0.000141940289146244,0.0156966903303815,0.0455659456917118,76616.3036831279,1.00003068882404,3,"NC05"
"c34",0.246384353808431,8.91717771195986e-05,0.0233085888844145,0.200721250060308,0.23059251471611,0.246370933017735,0.26210010929693,0.292129788759563,68324.6034925446,1.00003886006357,4,"NC05"
"c8",-0.24617745043007,8.4861027920724e-05,0.0225424007702395,-0.290462118884289,-0.261388006396155,-0.246161241033942,-0.230959944761495,-0.202003660784345,70564.091934013,1.00001928372617,1,"NC06"
"c15",0.000108920763902896,8.03815112322076e-05,0.0225551824280967,-0.044199783375265,-0.0151845113429457,0.00010256000192247,0.0153813027884936,0.0440872375915556,78737.2702517724,1.00001721898908,2,"NC06"
"c25",1.99025489671745e-05,8.55355988495986e-05,0.0226016826507399,-0.0442567384452941,-0.0152244010774711,-4.03091983946259e-05,0.0153457921202951,0.0443075936046665,69821.2701252243,1.00002246463432,3,"NC06"
"c35",0.246290860898141,8.29049513624247e-05,0.0225426731446551,0.201929663252762,0.231042851510725,0.246381478821644,0.261586001421721,0.290375792045574,73934.9682026013,1.00005233228593,4,"NC06"
"c9",-0.248846690961886,4.94915284133071e-05,0.0135118384863708,-0.275389920534858,-0.257944236846897,-0.248856768823381,-0.239747929383626,-0.222268037515376,74536.1846618662,1.00003790669243,1,"NC07"
"c16",-1.56181157747662e-05,4.84623320513427e-05,0.013473022381424,-0.0264353100851349,-0.00911410415174326,-5.77639285642695e-06,0.00905254900581037,0.0264638349846964,77289.6684972682,1.00004381141014,2,"NC07"
"c26",0.000105588831481153,4.94171147018438e-05,0.0134838733449229,-0.0262920664038546,-0.00900184509978296,0.000106058403758925,0.00921420138691931,0.0264288874235789,74451.6898281001,1.00003648307151,3,"NC07"
"c36",0.24880640425158,4.91671698806117e-05,0.013469768671951,0.222256953969972,0.239777227645343,0.248799859104484,0.257878207061312,0.275217868290168,75053.3105633848,1.00002490638352,4,"NC07"
"c10",-0.247068271496414,6.95833628624766e-05,0.0186217440142313,-0.283518009727159,-0.259643107743032,-0.247061524822967,-0.234536195995513,-0.210480953264824,71619.2678650779,1.00009596169159,1,"NC08"
"c17",4.44342114471288e-06,7.08298235908111e-05,0.0185570517528221,-0.0364503557834486,-0.0125018406898984,2.13369460307137e-05,0.0124837914756829,0.0362815805708254,68641.3217382669,1.00004677848602,2,"NC08"
"c27",-0.000122410056414523,6.70239975484725e-05,0.018605254666033,-0.0365119144275642,-0.0126198052933762,-0.000123620072396978,0.0123446920165699,0.0363648256399745,77056.7314941735,0.999987320991454,3,"NC08"
"c37",0.247068593249353,6.85373682972066e-05,0.0186142096477547,0.210727152280775,0.234432090297866,0.247067779233296,0.259628319115768,0.283579196743092,73762.2835508911,1.00001342209902,4,"NC08"
"c18",-0.240638570935084,0.000125633916450341,0.0356324043714899,-0.310459890907486,-0.264635391073572,-0.240604854104821,-0.216554444090307,-0.170970471611598,80440.8145435039,1.00001103337155,1,"NC09"
"c19",-2.92430056648629e-05,0.00013084007385719,0.0357088656209463,-0.0703417966744741,-0.0241906844803902,-6.9672712407608e-05,0.0239541907572346,0.0701128953978989,74485.295794942,1.00001080016985,2,"NC09"
"c28",0.000190456798373047,0.000131111073647202,0.035673109943289,-0.0699265558133419,-0.0238964445215212,0.000145717972478147,0.0242695512811772,0.0700314411002266,74029.2240179718,1.00004090545928,3,"NC09"
"c38",0.24048898942334,0.00013320275058688,0.0356271276108688,0.170569689432744,0.216315143797758,0.240507144714257,0.264565678738625,0.310245152686527,71537.7427836044,1.00004652755774,4,"NC09"
"c20",-0.228404368012307,0.000204572358086127,0.0562099868890106,-0.337994431755069,-0.266487304684922,-0.228395599606358,-0.190621532386145,-0.117927380317219,75497.5859948521,1.00000154617553,1,"NC10"
"c110",-0.000132353624256911,0.000202660231085275,0.0561460236072417,-0.110349989079321,-0.0379559085096648,-2.82088501116289e-05,0.0375892072191482,0.109524893130347,76753.9863956011,1.0000094568054,2,"NC10"
"c29",-9.38404126398013e-05,0.000209949635353371,0.0563680166222023,-0.111171871355954,-0.0377336442651704,0.000186664948431552,0.0378295672031634,0.109926790890994,72083.399232312,0.999996785383109,3,"NC10"
"c39",0.228514284813726,0.000212458496009795,0.0562808544214966,0.118395850143146,0.190649397037319,0.2283824316985,0.266536414223127,0.338671038961619,70173.503284731,1.00003561826315,4,"NC10"
"c30",-0.248607195024454,5.09507736745772e-05,0.0138657364636919,-0.275764159668252,-0.257953629343343,-0.248587579376727,-0.239244417672455,-0.221509663101233,74060.1039242687,1.00011022335035,1,"NC11"
"c111",7.86771433967796e-06,5.00646273490322e-05,0.0137884265128231,-0.0270267857718464,-0.00927571020928019,5.52791192761528e-05,0.00930569635022088,0.0269997339003467,75852.0708252051,0.999996748237103,2,"NC11"
"c210",-0.000105927677391084,5.21735168341871e-05,0.0138428684235916,-0.0273164774021529,-0.0094323131080529,-8.42688881247744e-05,0.00923967145009677,0.0270503576519924,70396.6443734684,1.00004170435398,3,"NC11"
"c310",0.248690089033522,4.93803023221624e-05,0.0138580436678761,0.22149034259753,0.239352713535371,0.248695337469283,0.258035681919193,0.275856516105182,78758.3052041837,1.00002725191523,4,"NC11"
"c40",-0.248770227229429,4.68697427192967e-05,0.0130049156078494,-0.274204910865162,-0.257590855132278,-0.248774726903606,-0.239987507594929,-0.223322000394517,76989.2231499641,1.00003826233898,1,"NC12"
"c112",-7.45146175066202e-05,4.89449146084835e-05,0.0129929742346599,-0.0255286674700511,-0.00886990291742397,-6.23043925956585e-05,0.00867081246246322,0.0253965306449398,70469.632095924,1.00003119854558,2,"NC12"
"c211",-1.47005399517991e-05,4.7925553337819e-05,0.0129305773767476,-0.0255159578415777,-0.00869978110787668,2.62039664832025e-05,0.00871795540674949,0.0252367741624579,72795.0021517124,1.00004417927118,3,"NC12"
"c311",0.248802028523368,4.8150200787028e-05,0.0130079183482458,0.223270604378194,0.240010768206231,0.248825585016461,0.25755667086714,0.274221650263058,72982.6114848261,1.00003171006763,4,"NC12"
"c41",-0.244514590473809,0.000101164548941266,0.0283337086864935,-0.300023858474676,-0.263644143523586,-0.244536076764433,-0.225490476179824,-0.188813631357016,78442.2694185843,1.0000385332417,1,"NC13"
"c113",0.000151311937398401,0.000104333869983038,0.0282846575693342,-0.0550342138146745,-0.0189979755397135,0.000142418928599785,0.0192649560288135,0.0556716600582207,73493.8869941734,1.00007209876151,2,"NC13"
"c212",7.26896488486393e-05,0.00010144531498968,0.028314860372284,-0.0553964232084114,-0.0190138277700949,1.82793942161237e-05,0.0191740154369509,0.0556860407693908,77904.9151245543,1.0000038909442,3,"NC13"
"c312",0.244753608607566,0.000103972125927547,0.0282652183699418,0.189195799784355,0.225741248355659,0.244725184641131,0.263694074325061,0.300348318380825,73904.4929799644,1.00001820458416,4,"NC13"
"c42",-0.249375623881615,3.43048342769168e-05,0.00961422979062341,-0.268297500109867,-0.255846024512842,-0.249340119023832,-0.242846358787867,-0.23061059898305,78544.9639650225,1.00005308551812,1,"NC14"
"c114",-9.92602542252093e-06,3.44414324809197e-05,0.00960342077954703,-0.0188267653529077,-0.00649914955583116,-1.02945769694688e-05,0.00647016519533264,0.0188146040814814,77748.049735675,1.00001654261468,2,"NC14"
"c213",5.46440749780244e-05,3.53913349313551e-05,0.00962969955870502,-0.0188206990667033,-0.0064507946375718,7.11825269104682e-05,0.00658046792027114,0.0188178993026326,74034.0634534446,1.00003242039915,3,"NC14"
"c313",0.249394920716888,3.67009722829754e-05,0.00962769973392306,0.230485407191522,0.242919922727103,0.249422950641196,0.255879758622646,0.268255094740991,68816.080750969,1.00001002044346,4,"NC14"
"c43",-0.245325498187765,0.000101693486268662,0.0274003676424466,-0.299331715629879,-0.263790142037178,-0.245232530438645,-0.226875606792244,-0.191618289863313,72598.3094521605,1.00001896992334,1,"NC15"
"c115",-7.18478466437518e-05,9.89407033922274e-05,0.0274010655218219,-0.0539537006051987,-0.0185094060168234,-4.26184129225882e-05,0.0184733232471015,0.0534850380178265,76698.154703828,0.999996741323606,2,"NC15"
"c214",3.80790112051524e-05,0.000103259451114594,0.0273878746331872,-0.0533025659711296,-0.0184279437420592,-9.92619293789607e-05,0.0184931922367521,0.0539184403562959,70348.8557880234,1.00001782481236,3,"NC15"
"c314",0.245288951531293,0.000101580213494664,0.0273770299075992,0.191776052012014,0.22686643885489,0.24527286955505,0.263729238549318,0.298917794246822,72636.4178464105,1.00002875182413,4,"NC15"
"c44",-0.248107012980388,6.22721070809263e-05,0.0165704955476351,-0.280433981688138,-0.259350224075691,-0.248155641026023,-0.236916959573213,-0.21553891106137,70808.251557753,1.00001976394768,1,"NC16"
"c116",7.22583304755193e-05,6.06099473619483e-05,0.0165933630558534,-0.0324344337076655,-0.0111244239930741,3.40265642369622e-05,0.0112861404214221,0.032480961975992,74951.618821716,1.00000153655254,2,"NC16"
"c215",-3.08432426263029e-05,5.87715635121257e-05,0.0166316598240078,-0.032725742912797,-0.0112246481888761,-6.25809650494171e-05,0.0112454966076159,0.0324463572381643,80082.3295684129,0.99999433902442,3,"NC16"
"c315",0.24810710513,6.3089106357898e-05,0.0166486064407873,0.215450886855104,0.236846263609521,0.248105805328931,0.259339323535147,0.280626048511545,69638.1175159176,1.00005436375679,4,"NC16"
"c45",-0.244737441758394,0.000100856342835776,0.02748441244594,-0.298575368411194,-0.263318801346514,-0.244769866847734,-0.226197633101654,-0.190707914152319,74261.9727809675,0.999994037002169,1,"NC17"
"c117",3.54517868273267e-05,0.000100618650461923,0.0274481729716567,-0.0537936898985002,-0.0184171173297754,-2.18627739023222e-05,0.0184582447624094,0.0538275237899623,74416.6143561444,1.00000882628863,2,"NC17"
"c216",-0.000180845182656461,0.000100604156646037,0.0274874557397501,-0.0540238914733061,-0.018799904487854,-0.000173953703493254,0.0183658592702021,0.0535755409737547,74651.276200641,1.00000187103121,3,"NC17"
"c316",0.244700075594385,0.000103708511517921,0.0274087637105133,0.190955226158232,0.226176644043662,0.244719079726579,0.263225016512133,0.298373209429021,69847.3753928112,1.00006005111609,4,"NC17"
"c46",-0.247062441283115,7.32318765728751e-05,0.0197783677434465,-0.285621326903587,-0.260429585299284,-0.247142490103616,-0.23369806443621,-0.208352811098689,72942.4873770589,0.99999898092444,1,"NC18"
"c118",1.21536227189437e-05,7.35640471738081e-05,0.0196495359455529,-0.0384323234866419,-0.0132791989773264,-5.75961784270015e-05,0.0132770607218694,0.0385238389757505,71346.6141896304,1.00004066945242,2,"NC18"
"c217",-2.43930933941874e-05,7.08116158060183e-05,0.0195721653441437,-0.0383050507518249,-0.0132471404176497,2.78457823246628e-05,0.0132022435374796,0.0383893818119097,76395.6698457489,1.00004334649093,3,"NC18"
"c317",0.246935313464247,7.62314258521497e-05,0.0196618201422579,0.208319520421921,0.233779034070115,0.246937637262532,0.260135679554113,0.285429558396857,66524.1527497638,1.00001541249122,4,"NC18"
"c47",-0.240444800441439,0.000130602971789762,0.0355729665519692,-0.310175871048309,-0.264497185584395,-0.24034596397239,-0.216382965367838,-0.170603237600847,74188.0660081998,1.00003532955158,1,"NC19"
"c119",-9.63237937385669e-05,0.000130756133229688,0.0356476021221448,-0.0699998395413643,-0.0240837856455382,-0.000146310871195938,0.0238650429806436,0.0696942319322182,74325.271745314,1.00004751007606,2,"NC19"
"c218",0.000105658356145888,0.00012840611252528,0.0356061219874252,-0.0698542422876239,-0.0239549965337932,7.06919368082335e-05,0.0242454431501459,0.0698046950746046,76891.433015611,1.00000034923202,3,"NC19"
"c318",0.240507910481621,0.000128038339617053,0.0354680982759323,0.170967931154193,0.216566647300814,0.240423220540453,0.264354671704141,0.310210517694905,76735.3960605949,1.00000928036165,4,"NC19"
"c48",-0.24533982662959,9.0884219203587e-05,0.0249050940672409,-0.294344634769142,-0.262048844746306,-0.245282835857421,-0.228539695499135,-0.196477044777462,75092.992547014,1.00009642606092,1,"NC20"
"c120",7.68037807865672e-05,8.763675845486e-05,0.0248908969126742,-0.0485653893812301,-0.0167530025460073,6.81090805767156e-05,0.0168794303718163,0.0488816492245711,80669.3358975713,1.00003042111523,2,"NC20"
"c219",-3.25510204319228e-05,9.00102475663636e-05,0.0247612934286626,-0.0483473789310452,-0.0166969687364757,-0.000124886910522402,0.0166347488884442,0.048661037841805,75676.7967622035,1.00001257591038,3,"NC20"
"c319",0.245316919963128,8.72509556600452e-05,0.0247388458164827,0.196833208531063,0.228619257170533,0.24532766038109,0.261951403046808,0.293796290785661,80393.0457974805,1.00005726178307,4,"NC20"
"c49",-0.243395725631651,0.000109313819842398,0.0289590069214367,-0.299989492368332,-0.262901268191765,-0.243327910718219,-0.223892534359366,-0.18650099532364,70180.6180387313,1.00002931154438,1,"NC21"
"c121",0.000146770175470964,0.000107767533307488,0.0289147070001629,-0.056547640475686,-0.019241099453178,0.000103818519918296,0.0195797725870271,0.0567527369998276,71988.2650343695,1.00002665590389,2,"NC21"
"c220",5.14776287166484e-05,0.000104697786394611,0.0289432255703615,-0.0564878220750944,-0.0194905172416716,2.01683379310101e-05,0.0196029592105024,0.0566749258816843,76422.0809983066,1.00000513533502,3,"NC21"
"c320",0.243102891953307,0.000110520614290352,0.0289213786343757,0.186500501025704,0.223572148337932,0.24298533593778,0.262641246034828,0.299708587248532,68478.0527479068,1.00000180040273,4,"NC21"
"c50",-0.24369429887636,0.000104892899885079,0.0271813639862219,-0.296978036826647,-0.261985945451017,-0.243748076448232,-0.22540083401226,-0.190445091408954,67150.6635009127,1.00008486452061,1,"NC22"
"c122",4.87708642689835e-05,0.000101300429203522,0.027239322040366,-0.0533658236943785,-0.0182845077593828,5.9329620935542e-05,0.0183372884419871,0.0535510825487759,72305.2808827436,1.00002019505583,2,"NC22"
"c221",-4.43834787972202e-05,0.000100704603831899,0.0271964460209652,-0.0532912866584334,-0.018404543956154,5.57592608787724e-06,0.0183260400369798,0.0533099774280281,72933.2655566988,1.00004853255271,3,"NC22"
"c321",0.24346365349234,0.000102488123660746,0.0271996262604889,0.190146897811221,0.225131333024647,0.243507844083874,0.261800598467171,0.296784612830802,70433.4219607093,1.00003279056648,4,"NC22"
"c51",-0.248832006982395,4.70388431343114e-05,0.012805836775125,-0.273985185935982,-0.257407607057673,-0.24880517513437,-0.24025399850245,-0.223703943720295,74114.4106398742,1.00008264149377,1,"NC23"
"c123",4.29451645122389e-05,4.65379609730207e-05,0.0128111886963523,-0.0250324576631937,-0.00860757491194919,6.78315328884005e-05,0.00872669427239704,0.0250545585651328,75781.6668974023,1.00002912940785,2,"NC23"
"c222",6.58181388725803e-05,4.66828560290621e-05,0.0127721045526777,-0.0250887953163889,-0.00854913922637415,7.40985722064574e-05,0.00871001627696037,0.0249590389683773,74853.1521905427,1.00002124625696,3,"NC23"
"c322",0.2487869685703,4.64099601184149e-05,0.012833731625545,0.223631041640957,0.240169856710886,0.248772469122748,0.257416981102473,0.273975296490795,76468.6663660796,1.00000822129554,4,"NC23"
"c52",-0.247230867728533,7.99891878405519e-05,0.0209365125081428,-0.288462317139955,-0.26134294016896,-0.247157581610562,-0.233168157252145,-0.206346678302611,68508.7600651158,1.00001269547585,1,"NC24"
"c124",-0.000146279623210223,7.73897612320928e-05,0.0209043947901212,-0.0410972139686059,-0.0142574390659579,-0.000135140653799945,0.0139648196135892,0.0409734998108376,72963.9242577688,1.00003216520488,2,"NC24"
"c223",3.02834926778415e-05,7.37402153523151e-05,0.0209145673013433,-0.0410932563505957,-0.0139901779452403,1.84987740095739e-08,0.0141425682751444,0.0410528711022926,80443.1307942566,1.00001627584681,3,"NC24"
"c323",0.247229461762277,8.0569604187213e-05,0.0210105003427895,0.206069721533,0.23303587549196,0.247337026558016,0.261439729163609,0.288132100686394,68003.3534161007,1.00001166338953,4,"NC24"
"c53",-0.247717528084176,6.47162569829203e-05,0.0170319531317675,-0.281236693393797,-0.259201359117148,-0.247735826953166,-0.236206486822104,-0.214249768580392,69263.1318345462,1.0000075027743,1,"NC25"
"c125",6.64385842281979e-05,6.30230561198832e-05,0.0169655440608014,-0.0331349097379353,-0.0113453563811999,2.29876543877813e-05,0.0114964007815172,0.0334194480382405,72466.3962517293,1.00006388932674,2,"NC25"
"c224",1.17487455235363e-05,6.26231876171164e-05,0.0169491347821503,-0.0332327914756947,-0.0114670216454078,1.91582037252069e-06,0.0114591562459155,0.0331728017210045,73252.8837663694,1.00001731470738,3,"NC25"
"c324",0.247577842493478,6.04339745478071e-05,0.0170197734710399,0.214176512663082,0.236126766273813,0.247563352463924,0.259031570777414,0.281021561844259,79313.156856358,1.00002465894176,4,"NC25"
"c54",-0.244441343569389,0.000102714672438037,0.0277544184828333,-0.298965857830686,-0.263203690591043,-0.244402231034608,-0.225680060088905,-0.190128896166152,73012.8487421028,1.00004269814017,1,"NC26"
"c126",9.12132221369975e-05,0.000103293846589271,0.0277290729558626,-0.0541614714670884,-0.018603343734613,7.34910711735377e-05,0.0188393815309645,0.0546023582592644,72064.5700185897,1.00001446738024,2,"NC26"
"c225",-8.3452650481285e-05,0.000103659298674422,0.0276503835033481,-0.0541817621170734,-0.0188436922052023,-8.3084914500332e-05,0.0187072231112565,0.0539013877677204,71151.7827442669,1.00001373846508,3,"NC26"
"c325",0.244468725307605,0.000101812214658972,0.0277730654740247,0.189917441838503,0.225809688221882,0.244464971815395,0.263224101088829,0.298757680926727,74412.8377897358,1.0000355092186,4,"NC26"
"c55",-0.249161449890341,3.96716312922327e-05,0.0109831061889059,-0.270695132096418,-0.256557536278342,-0.249138929028722,-0.241773418940247,-0.227740260025872,76646.1327725939,1.00000000765242,1,"NC27"
"c127",-5.6107226601235e-05,4.1211714043227e-05,0.0110073668939492,-0.0215986046233689,-0.00747254121853939,-5.88230348079416e-05,0.00731992141458772,0.0215825489223575,71338.7556149178,1.00005004254649,2,"NC27"
"c226",1.67772944180565e-05,3.92053628975024e-05,0.0110198070579677,-0.0216113156498744,-0.00742227403044163,5.19100035182326e-06,0.00748981901826684,0.0215392689047413,79005.445251427,0.99998934114567,3,"NC27"
"c326",0.249094927156626,4.04590599126248e-05,0.0110072320823016,0.227608673489988,0.241654418207894,0.249108502875862,0.256563721805393,0.270639172686259,74015.8399437243,1.00003134929148,4,"NC27"
"c56",-0.248469084257573,5.27190037942979e-05,0.0143676434086046,-0.276722177376949,-0.258162073713753,-0.248493050066797,-0.238786369894457,-0.220330001484147,74273.9791375783,1.00008009708572,1,"NC28"
"c128",-4.75817904907055e-05,5.21234783269724e-05,0.0144737015904538,-0.0283327593172037,-0.00986813723362787,-5.44574367878654e-05,0.00975362395257896,0.028331776084074,77106.7591252618,1.00000735745544,2,"NC28"
"c227",-2.99669111476848e-05,5.50430542951142e-05,0.0144185327317321,-0.0282355583154678,-0.00974929381182366,-6.3223555695123e-05,0.0096480714409022,0.0283709268470705,68617.8468455948,1.00008808095014,3,"NC28"
"c327",0.248454632573299,5.38610111891984e-05,0.01436700223257,0.220351163661738,0.238769268131987,0.248438111804497,0.258080975836898,0.276721002557213,71151.3776253177,1.0000168428589,4,"NC28"
"c57",-0.247493099388465,7.33199469588408e-05,0.0199777448018367,-0.286756984277322,-0.260952974769006,-0.24754043406476,-0.234009488761603,-0.208425364449637,74241.8248074415,1.0000132809575,1,"NC29"
"c129",-3.45658387850322e-05,7.47329008297216e-05,0.0199666725192554,-0.0391441039148905,-0.0135207433358753,-3.12813234038473e-05,0.0134171258361774,0.039184253258117,71381.8352562053,1.00004651460106,2,"NC29"
"c228",0.000106932977334863,7.8182042117969e-05,0.0201299490681373,-0.039252927029672,-0.0134850704197437,0.000112097398646115,0.0136698048483481,0.0395955630512305,66293.5585587606,1.00001381773841,3,"NC29"
"c328",0.247467349942327,7.32590425291055e-05,0.0200266210141662,0.208263296154609,0.233976558333924,0.247455580423653,0.260965433535851,0.286723235703043,74729.6385983858,1.00003893195862,4,"NC29"
"c58",-0.247875237941332,6.33458747245611e-05,0.0171420935149791,-0.281581350486592,-0.25941623606328,-0.247837392614225,-0.236277357882787,-0.214391165454078,73230.3390372652,1.0000507533841,1,"NC30"
"c130",-5.06069646278923e-05,6.1208646593131e-05,0.0171389085733796,-0.0336995387941933,-0.0116433192519969,-7.72807451375479e-05,0.0115374629316371,0.0336152826624633,78404.4604674008,1.00003979946927,2,"NC30"
"c229",-0.00010776655171803,6.32661197493195e-05,0.0171494902872094,-0.0335960809846395,-0.0116288945255186,-0.000143597299546099,0.0114714184353315,0.0335399700691187,73478.4582282152,1.00001818469205,3,"NC30"
"c329",0.247866857924301,6.47282430604365e-05,0.0170998405541186,0.214326729244786,0.236311567713787,0.247876397912852,0.259382018906556,0.281338622271723,69790.5279658093,1.00005608648977,4,"NC30"
"c59",-0.236976064659047,0.00017522577621273,0.0462479966525624,-0.327706508214139,-0.268245411852369,-0.236842735980797,-0.205708482453265,-0.146505185400467,69661.0257147907,1.0000582779445,1,"VN01"
"c131",5.57642059988209e-05,0.000165551419550316,0.0462483206013027,-0.0902069551808976,-0.0311524316833975,4.74310211466111e-05,0.0311276900355629,0.0908434364640224,78041.591233149,1.0000698426032,2,"VN01"
"c230",-0.000118313931075208,0.000168057813923424,0.0461714289085695,-0.0905728288315657,-0.0312395813781084,-0.000210694152467068,0.0307952407647891,0.0907099891062809,75479.5340534265,1.00000358777781,3,"VN01"
"c330",0.237063720393937,0.000169327152149182,0.04628036184945,0.146425618074664,0.205858933644828,0.23701987015705,0.268365012448641,0.327820206071249,74703.3853654902,1.00008724382824,4,"VN01"
"c60",-0.179573916974868,0.000470049055088348,0.126690512096502,-0.428607814802146,-0.264812117114885,-0.179341211475539,-0.093922888728079,0.0680683216067309,72644.3454964383,1.00000415743556,1,"VN02"
"c132",-0.000692981382913163,0.000471842191015606,0.127198062280611,-0.248774345872215,-0.0868947181442601,-0.000540941807989147,0.0849465567303702,0.248196246339312,72672.0559667636,1.00007094333195,2,"VN02"
"c231",-0.000315261066211721,0.000467643101626243,0.126947293324877,-0.248585131464449,-0.0860836888274841,-0.00047152268361576,0.0856256844354303,0.247450154743887,73691.572945076,1.00006209381818,3,"VN02"
"c331",0.180199217822201,0.000463577739879125,0.126935447103529,-0.0680775065062784,0.0944560285389624,0.179668922198345,0.265913864467014,0.429223599528397,74975.727165638,1.00004414838402,4,"VN02"
"c61",-0.200027905867674,0.000401183111002995,0.109316879240538,-0.4145088173303,-0.273630879842119,-0.200234712563582,-0.126037170345746,0.0144652597385217,74248.7533962146,1.00003211013915,1,"VN03"
"c133",0.000541314950910632,0.000406170322647097,0.109217481707185,-0.213696460367043,-0.0730010747314292,0.000883457569752606,0.0741111506810939,0.214509608714671,72304.9351872427,1.00007667298257,2,"VN03"
"c232",0.000540088691470929,0.000390440506406964,0.109448184038835,-0.214368523924328,-0.0728376985700749,0.000976975452515537,0.0742497430610329,0.214551525105614,78579.160650449,1.00000392151712,3,"VN03"
"c332",0.200180164003082,0.00040112871641556,0.109525226100343,-0.0145544905067038,0.126813898355194,0.199990182130337,0.273696567661002,0.41590120261282,74552.2592849982,1.00004863346371,4,"VN03"
"c62",-0.22878493516252,0.000192975433050257,0.0522487620658265,-0.331092896988115,-0.263965748346708,-0.228939296191778,-0.193577661492108,-0.12628990506131,73307.4245197436,1.00004402126681,1,"VN04"
"c134",-0.000206048879975785,0.000197160764805081,0.0521658199810521,-0.102515113321653,-0.0355017195624979,-0.000139305761049886,0.0350435487156577,0.101698102914975,70005.3269665284,1.00005918701015,2,"VN04"
"c233",-0.000180246791884108,0.000198090676521418,0.0522505461508881,-0.102600265900659,-0.0353479910453335,-0.000240125174224183,0.0350212882328957,0.101986188869253,69575.0613836474,1.00005353406057,3,"VN04"
"c333",0.228565786599072,0.000192370206171734,0.0521702322511533,0.126060310688976,0.193472977984413,0.228444122956117,0.263686664415426,0.331018076200095,73547.8394479363,1.00005284892042,4,"VN04"
"c63",-0.226247085225572,0.000226445704532563,0.0610422930690003,-0.345130345894934,-0.267514926102497,-0.226399045529349,-0.185113749477985,-0.105960900844791,72666.3766202173,1.00008357723971,1,"VN05"
"c135",0.000235323058093913,0.000227587623504557,0.0612147200278748,-0.119516207199438,-0.041108536967787,0.000241715221448356,0.0416743952314704,0.120367418882118,72345.9882143636,1.00001160170947,2,"VN05"
"c234",9.96491848261843e-05,0.000228294429381322,0.0612398728446418,-0.119823060256739,-0.0412124036860858,-9.83764416049009e-06,0.0415067058337847,0.120178355466536,71957.8090796912,1.00006753989387,3,"VN05"
"c334",0.226709511834499,0.000224841056756351,0.0612125413490001,0.106279639686602,0.185478498520618,0.226693106386605,0.268310081349213,0.346294104426131,74119.0057832259,1.00005988375362,4,"VN05"
"c64",-0.208697081575285,0.000348578005899097,0.091828044022411,-0.38866347938144,-0.270524819523074,-0.20882547330758,-0.146889425874046,-0.0277447133790009,69398.5993433702,1.00007208766304,1,"VN06"
"c136",6.43579457802564e-05,0.000329139878819577,0.0916182169965882,-0.179322294482331,-0.0618120252430863,0.000124830434973917,0.0622145686395864,0.179151429870278,77482.32809869,1.00002589701396,2,"VN06"
"c235",0.000145411980311639,0.000323885175395484,0.0916643388781385,-0.17901940913599,-0.0616014281609078,0.000133142237962425,0.0618031440729687,0.179814273691811,80097.4482183543,0.999997685975109,3,"VN06"
"c335",0.208439489263589,0.000348731748897218,0.0915713061524737,0.0286275617888033,0.146675576691236,0.208236368144701,0.270223304117984,0.387786982270133,68950.2495322194,1.00003438440056,4,"VN06"
"c65",-0.215722719154491,0.000214874792291203,0.0579382970660805,-0.329340254714725,-0.254697761467489,-0.215742817452153,-0.176594821950161,-0.102244613259125,72704.3695093402,1.00003998217514,1,"VN07"
"c137",8.02803463664387e-05,0.000211931476758298,0.0581279159185053,-0.113747095957976,-0.0391211352514032,8.23910898763974e-05,0.0395372091776245,0.113343153662981,75227.8371848519,1.00002058753428,2,"VN07"
"c236",8.92944514053419e-05,0.000210495575247918,0.0579279790040316,-0.113194544943993,-0.0390568915941876,-5.61953046256695e-05,0.0394216239031789,0.113865633721083,75733.9854511988,1.00008975639529,3,"VN07"
"c336",0.215599126574202,0.000217393341493573,0.0579225451663981,0.102161309378229,0.176368683155066,0.215736407067686,0.25463135380176,0.329095994698512,70990.9189081499,1.00001187161968,4,"VN07"
"c66",-0.222399383456458,0.000241112773001271,0.0654406724926599,-0.350493846219897,-0.266586291478403,-0.22222860101537,-0.178145698685464,-0.0943998531320538,73663.9616731606,1.00006769182369,1,"VN08"
"c138",-0.000331178326713664,0.000239629584645201,0.0652544100211633,-0.128085550575404,-0.0446106180170783,-0.000159009856379934,0.0436390301722282,0.126955291701352,74154.7312002546,1.00003766255458,2,"VN08"
"c237",-2.4283777117454e-05,0.000244163131270024,0.065584476836209,-0.128443494701778,-0.0444202341345348,5.44661994986671e-05,0.0442566406365635,0.128316241858673,72150.931975728,1.00011418960778,3,"VN08"
"c337",0.222467290549881,0.000237877936822591,0.0654410453169573,0.094505645011931,0.178367086676509,0.222466210577708,0.266731686959023,0.350146344381055,75681.91795847,1.00001255201056,4,"VN08"
"c67",-0.227954550433116,0.000178417036352187,0.0476211069703352,-0.321643333852287,-0.259963926078984,-0.227866383163585,-0.195874423177755,-0.134765978511902,71240.3969712991,1.00003432085783,1,"VN09"
"c139",-7.80245173096481e-06,0.000174484938810495,0.0476128038724654,-0.093729384890602,-0.0321203641753347,-7.79858706942416e-05,0.03216429321631,0.0934798126774235,74461.4731128246,1.00002598505896,2,"VN09"
"c238",-7.80893946357917e-05,0.000183694969629593,0.0475720759684633,-0.092964343023176,-0.0321235039992771,-0.000217902862482101,0.0318517095084348,0.0935183183115834,67067.1235615256,1.00000889271007,3,"VN09"
"c338",0.228054728834064,0.000173054201090704,0.0475591077741738,0.134623326649791,0.196014692330657,0.228104355940792,0.260061658315366,0.321241257657739,75527.1511283943,1.00002623176185,4,"VN09"
"c68",-0.182032238243279,0.000406867637301727,0.107527618926665,-0.39270027215837,-0.254734774918801,-0.181615478948721,-0.109406549413692,0.0275576355797595,69844.7494866921,1.00002027914786,1,"VN10"
"c140",-7.11605124005141e-05,0.00040211481884917,0.107670938007822,-0.211378828500106,-0.0729127095287078,7.03130936072389e-05,0.0726086390709986,0.210976670191143,71696.3153585085,1.00001465950659,2,"VN10"
"c239",-0.000278765585738168,0.000399830031792679,0.107867130379341,-0.212070605838136,-0.0730078701611039,-0.000266785491957961,0.0723882652254865,0.210657788665185,72782.5768308152,1.00003498799206,3,"VN10"
"c339",0.182309500761948,0.000406332022340611,0.107714239543595,-0.0283847191460321,0.109512111975426,0.18223088419468,0.254835989245456,0.393630100926525,70272.295447858,1.00003641672999,4,"VN10"
"c69",-0.174446156875362,0.000908330576137416,0.248815102137268,-0.662594123942459,-0.342476250546896,-0.174903398386777,-0.0063184003670724,0.312046704221542,75035.2971045228,1.00003164390439,1,"VN11"
"c141",-9.19986822694786e-05,0.000921391114598184,0.249659419655064,-0.488151058806399,-0.16860717312527,-0.00111214680769539,0.168718408005363,0.488929949621558,73418.9000373248,1.00008842935016,2,"VN11"
"c240",-0.00143415468401174,0.000902942311112337,0.247353281121867,-0.488903477073903,-0.168174321108899,-0.00169702527040512,0.165590400147149,0.483542965267224,75043.8908138797,1.00001323441706,3,"VN11"
"c340",0.173547408080249,0.000885994531982181,0.248399764539024,-0.315707335821717,0.00709745344204176,0.173904217429498,0.341010287645941,0.660069260633477,78603.2089755013,1.00003258096638,4,"VN11"
"c70",-0.17060556620134,0.00122412279307855,0.321547217096792,-0.799610531675135,-0.388028337116935,-0.170265380444816,0.047310025062281,0.455988710961947,68998.4828310535,1.00000360010277,1,"VN12"
"c142",-0.001629202051586,0.00119928663301523,0.319760001082751,-0.632502219561279,-0.21772218923485,-0.00108126748267417,0.215214155381566,0.622008556014272,71088.9806889766,1.0000401182344,2,"VN12"
"c241",0.00173078046775628,0.0012220906993969,0.320265620251525,-0.627152788936528,-0.21404853951599,0.00171994509769082,0.218515777633608,0.628631098508116,68677.3870744096,1.00006566701068,3,"VN12"
"c341",0.171885711124535,0.00119332833860816,0.32047772383019,-0.455392309273702,-0.044537386415926,0.172087918751658,0.387887105939127,0.801072683800714,72123.3326909539,1.00007550791033,4,"VN12"
"c71",-0.191828992843244,0.000425276886359557,0.113429137979371,-0.41519235181785,-0.268296960486925,-0.191622097815082,-0.115714617049366,0.0297121936902555,71138.6638727108,1.00003007095759,1,"VN13"
"c143",0.000590090079488808,0.000439129108907289,0.114005743465381,-0.222934619803747,-0.0765425156467352,0.000800513441671667,0.0777236162321553,0.223492807825768,67401.4142497617,1.00003444495526,2,"VN13"
"c242",-0.000398427472632636,0.000413107582263465,0.114021793884839,-0.22382852449911,-0.077516350756388,-0.000631942195238669,0.0765353246197643,0.223266037511749,76181.4801515144,1.0000298277136,3,"VN13"
"c342",0.191386838074891,0.00041807912768671,0.113644481450612,-0.0316812801417859,0.115191895673176,0.191459492755623,0.267537985047856,0.414981766512736,73888.9900055443,1.00006785038007,4,"VN13"
"c72",-0.176586100357499,0.000977025963446462,0.265877940722298,-0.698801157382574,-0.356000261706896,-0.176662837650952,0.00307513969157559,0.34205032402081,74054.6618585375,0.999998264884542,1,"VN14"
"c144",0.000770080869544204,0.000971559216643493,0.265526216830515,-0.518294532725618,-0.178937452219254,0.000957557969461047,0.180217591980613,0.519044379740715,74692.3740519822,1.00007525465441,2,"VN14"
"c243",-1.99560162736544e-05,0.00100787752254452,0.266127569751104,-0.522761211972427,-0.179057550620352,-0.000121956703456577,0.180543216339737,0.521032615470167,69721.0977746102,1.00001077151726,3,"VN14"
"c343",0.177966204005345,0.000983783236807239,0.265938719192335,-0.342954924439357,-0.00171338889225531,0.178334918604154,0.357317312112411,0.698984339515024,73074.2403555344,1.00002468298001,4,"VN14"
"c73",-0.245127637431597,9.25376615136438e-05,0.0248270825413386,-0.293811015828814,-0.261904969300722,-0.245105035131366,-0.228418222284143,-0.196359372057962,71980.4132096477,0.999998727887197,1,"VN15"
"c145",5.16461179833259e-05,8.68937418969764e-05,0.0246380589234414,-0.0483455952475897,-0.016580619735443,4.98336649463471e-05,0.0166870839376944,0.0483512864298837,80396.2847728108,1.0000522837964,2,"VN15"
"c244",-0.000164761849121687,8.88592760514932e-05,0.0246566571847093,-0.0483914903883043,-0.0168406142733991,-0.000142210852429079,0.016457209713279,0.0481786468680105,76995.058380221,1.00006254024143,3,"VN15"
"c344",0.245258242442308,9.09250880016298e-05,0.0246420580664236,0.196903495686813,0.228715876636337,0.245190221317918,0.261776879235944,0.293686346217293,73449.10245534,0.999987074644493,4,"VN15"
"c74",-0.172847396547912,0.00117737975853345,0.316991313448717,-0.791764825411203,-0.386647964323613,-0.173541936972065,0.0403791331560714,0.450731694883192,72487.2447343275,1.00003685200446,1,"VN16"
"c146",-0.000984124854782018,0.00116133913854678,0.317687613639736,-0.625561951107078,-0.214240105029872,-0.000915105096759739,0.213055994568617,0.622002234325453,74831.1534865089,1.00003695180318,2,"VN16"
"c245",0.00106356073830404,0.00117554833118529,0.317608607355358,-0.619482294104087,-0.214019100171759,0.000838105880777151,0.215789816992712,0.620103665953654,72996.7539964745,1.0000249042087,3,"VN16"
"c345",0.172180494618658,0.00120815871048664,0.316877746141461,-0.448781391392728,-0.0405357558519816,0.171713100061868,0.386807926041141,0.790818738053758,68791.6144701895,1.00001514828607,4,"VN16"
"c75",-0.243008349255159,0.000113881488870411,0.0317104466310591,-0.305197998626374,-0.264516912250715,-0.242934715420497,-0.221536571157308,-0.181038161853078,77535.1167360842,1.00003688687615,1,"VN17"
"c147",-2.69161324110047e-05,0.000111836085684004,0.0314091546544191,-0.0615619985864968,-0.0211495999846104,-0.000114033582459136,0.0212281304462631,0.0614651738266685,78876.6722248252,1.00004408428432,2,"VN17"
"c246",-2.8709966196212e-05,0.000113224967822865,0.0314932264441462,-0.0617575387524674,-0.0213373321833105,-4.90761451526615e-05,0.0212499896519145,0.0613107600168864,77365.9566171699,1.00006819736943,3,"VN17"
"c346",0.242970974473218,0.000109535965842026,0.0313137001558992,0.181507009062697,0.221980288107962,0.242982626437361,0.26400641550693,0.304250334808787,81725.0685057373,1.0000123292831,4,"VN17"
"c76",-0.238718347527016,0.00013270621207917,0.0380385835810533,-0.313345278130012,-0.264413029785879,-0.238684949569412,-0.213116721561576,-0.164108364488939,82161.085419479,1.00000826441412,1,"VN18"
"c148",-0.000144415878065499,0.000144081521172868,0.0378953860536455,-0.0740878551485087,-0.0257088720761297,-0.0001901800528113,0.0253597212144809,0.0742255930682889,69176.104412001,1.00006638654588,2,"VN18"
"c247",0.000104238878937032,0.000139563360136731,0.038062951301299,-0.0745400581604596,-0.0255863033126766,0.000106415171484107,0.0258597748704462,0.0747823321341119,74381.0122913406,1.00002986480287,3,"VN18"
"c347",0.238571787435964,0.000139842275650208,0.0377941931720107,0.164317210038093,0.213172184582641,0.23855908025871,0.264221281222602,0.312321024790901,73042.0900501179,1.00000948777692,4,"VN18"
"c77",-0.240382542150467,0.000145294556093393,0.0378902215567232,-0.314213689324138,-0.266091970411378,-0.24049401244076,-0.21476164864715,-0.166100196914056,68007.3112192172,1.0000023066425,1,"VN19"
"c149",-5.950712413438e-05,0.000140814694207562,0.0377485849828743,-0.0739293330548767,-0.0256194630784255,1.72059603516204e-05,0.0255066949719247,0.0737083116197095,71863.0094441646,0.999987452467673,2,"VN19"
"c248",0.000181075778011754,0.000138798283963761,0.0376728152519003,-0.0737140656803452,-0.0252554165316398,0.000126722671917056,0.0257209083281767,0.0740165475178852,73669.5400088418,1.00001575237226,3,"VN19"
"c348",0.240310166020502,0.000137577569720127,0.0375766738413666,0.166680473891105,0.214980770982994,0.240284767696995,0.265856084117801,0.313761553584993,74600.4424916361,1.00006971262581,4,"VN19"
"c78",-0.197824978798106,0.000403700213896472,0.10822180306279,-0.41031889331428,-0.271027791780452,-0.197496509660127,-0.124561062804306,0.0148582793107474,71864.0306127878,0.999999046626426,1,"VN20"
"c150",-0.000472904541749204,0.000415012440050331,0.107714098819705,-0.210989117263435,-0.0731850273168307,-0.000805183386731153,0.0718976629824777,0.211524551134692,67363.2256207003,1.00003623718916,2,"VN20"
"c249",0.000588511349772552,0.000396254882742652,0.108046452491001,-0.211185381554517,-0.0723797055050731,0.000462151787839489,0.0738567045606628,0.212081763735589,74348.4246668669,1.0000472502083,3,"VN20"
"c349",0.197634190444974,0.000407233436339832,0.107971215516354,-0.0146389421995514,0.124742289164263,0.197541180605333,0.270309403438311,0.409429209013967,70295.7587887084,1.00002419818305,4,"VN20"
"c79",-0.245803585494853,8.836309906332e-05,0.0237067732199089,-0.291932031177866,-0.261867287240938,-0.245890597361009,-0.229884725696967,-0.199114148537668,71978.5365551906,1.0000243586689,1,"VN21"
"c151",0.000136206699235544,8.97752931094489e-05,0.0237035967232524,-0.0463341538644611,-0.0159232435503225,0.000119214086833309,0.0161775907106355,0.0466267989422356,69713.1707342155,1.00004495726255,2,"VN21"
"c250",4.43254100062496e-05,9.01242250638021e-05,0.0237513318059208,-0.0466506478570737,-0.0159651327067063,5.68545342878911e-05,0.0161743471763804,0.0466153013772261,69453.2937762809,1.00004492859672,3,"VN21"
"c350",0.245766178912351,8.61376502822411e-05,0.0236809090219407,0.199238492773846,0.229836129716092,0.245805873347675,0.26178344045501,0.291944763681912,75580.6630209031,1.000076370708,4,"VN21"
"c80",-0.24708310697718,7.37009668910894e-05,0.0200866874546597,-0.286567961993747,-0.260550422782411,-0.24706953578161,-0.23355528940277,-0.207770126985834,74279.7226101816,1.00001004381902,1,"VN22"
"c152",-1.29313600070859e-05,7.16344147243027e-05,0.0201877043462608,-0.0396229759027518,-0.013629013658866,4.04786144279693e-05,0.0136605657995552,0.0394618181286332,79420.1014864897,1.0000516875083,2,"VN22"
"c251",-7.31070446917441e-05,7.25382542943029e-05,0.0201570093312074,-0.039605169383362,-0.0135808819749314,-5.43695873862588e-05,0.0134177632622233,0.0396522214081645,77217.9014147167,1.00005129565678,3,"VN22"
"c351",0.246943630065675,7.434407636344e-05,0.0201393695262237,0.207561511517971,0.233363215337589,0.24691677719076,0.260524634771913,0.28633760895504,73383.5978880321,1.00004835412565,4,"VN22"
"c81",-0.231853444500071,0.000188651994655261,0.0497314108323454,-0.32889486339337,-0.265573031873112,-0.231819929383521,-0.198126298501656,-0.134655811822897,69492.631404035,1.00001808327085,1,"VN23"
"c153",-0.000148974230686024,0.000184927458089184,0.0498058338223785,-0.0976460493904938,-0.0337372874145304,-0.000216845519390467,0.0334030164879557,0.0978054855526455,72536.6726691375,1.00000697373038,2,"VN23"
"c252",-0.000250277948022965,0.000183594566243577,0.0498405616553872,-0.098062653957134,-0.0338863451000356,-0.00012361407366622,0.0330815006420742,0.0976843756368822,73696.3889878977,1.0000016984187,3,"VN23"
"c352",0.231533907317538,0.000178249510526615,0.0498076620866615,0.133725029926617,0.197896940515578,0.23165236879384,0.265172729515183,0.328607072753429,78079.2480150547,1.00007453084516,4,"VN23"
"c82",-0.220502322597587,0.000224474086834972,0.0611890398098412,-0.340000553090789,-0.261848260217456,-0.220590433807075,-0.179191569124288,-0.100449573689364,74304.454364941,1.00002120860903,1,"VN24"
"c154",0.000327263564394941,0.000222485636688089,0.0608593441209004,-0.118507791258614,-0.0406587862112299,0.000370461520281028,0.0412663827246739,0.119854012604597,74825.663681322,1.00001462017024,2,"VN24"
"c253",5.82732724069948e-05,0.000223361555358572,0.0609440759152019,-0.119242412619603,-0.0411655516280456,5.70136261765905e-05,0.0412690023247844,0.119435970948163,74446.818418373,1.00001388415328,3,"VN24"
"c353",0.219651733254972,0.000219630545826177,0.0608058803978081,0.100067567253916,0.178467807369137,0.219883034281754,0.260863047021032,0.338301567389218,76648.8564925326,1.00004979989186,4,"VN24"
"c83",-0.200611987034491,0.000297438751015791,0.0840923185986397,-0.365202467874767,-0.256982229899136,-0.200497854718128,-0.143981679540264,-0.0358363369722909,79931.4251818778,0.999993648769551,1,"VN25"
"c155",0.000150001151975108,0.000320415908588514,0.083809564994549,-0.164219937104951,-0.0563241699129802,4.196394096459e-05,0.0567344626401102,0.163629955994185,68416.21308543,1.00006362434818,2,"VN25"
"c254",0.000195932981317571,0.000301114267781961,0.084036336143201,-0.164240255293701,-0.0565482295831527,3.14465783208167e-05,0.0566935937128022,0.165471123713541,77888.1790430817,1.00003181331273,3,"VN25"
"c354",0.200428196504642,0.000311125087345078,0.0839738453786591,0.0356911317575531,0.144044396354667,0.200468428516107,0.257169619439233,0.365212799871891,72848.0647746018,1.00003981184742,4,"VN25"
"c84",-0.245595083465189,9.60554394135909e-05,0.0250069204906492,-0.294552323721335,-0.262375436929633,-0.245637288400177,-0.228759005847108,-0.196450054761882,67776.0883819002,1.00004106673822,1,"VN26"
"c156",4.92432289247837e-05,9.44510788105379e-05,0.0249643820099595,-0.0490816437407713,-0.01675890793068,2.38874645913712e-05,0.0168453440214414,0.0491287056841164,69859.8733132115,1.00003263005331,2,"VN26"
"c255",0.000118222503064694,9.36811597602779e-05,0.025081716231447,-0.0489432849862322,-0.0168085376458958,0.000144866413355665,0.017033227823299,0.0492308653507297,71681.9783421582,1.00005087072482,3,"VN26"
"c355",0.245309468203801,9.14634745103665e-05,0.0250686079877072,0.196133923574166,0.228392316682122,0.245345314014886,0.262242372773654,0.294329825058563,75121.6377452458,1.00002390337877,4,"VN26"
"c85",-0.246186371297746,8.79155252298939e-05,0.0235394807124276,-0.292162220140832,-0.262079227066419,-0.246144648064759,-0.230326273505746,-0.200200142419797,71690.6644950757,1.00005213705746,1,"VN27"
"c157",-1.4171948197926e-05,8.69724091418261e-05,0.0233585803393085,-0.0457333186270343,-0.0158656026369737,8.59720162360404e-06,0.0156958494463781,0.0458055031300583,72132.3178835965,1.00006515780379,2,"VN27"
"c256",-6.78359132952737e-05,9.05868001168389e-05,0.0235697473443665,-0.046387926685084,-0.0159214507815364,-1.87695611607232e-05,0.0158263462844377,0.0459447659946621,67698.6512519451,1.00007323313145,3,"VN27"
"c356",0.246178841242268,8.89998641053277e-05,0.0235615056300257,0.200177305196594,0.230262019700363,0.246145468407478,0.262128474983252,0.292464009843326,70085.3734206759,1.00002278616355,4,"VN27"
"c86",-0.196401247360041,0.000302636496795582,0.0802817327060386,-0.353354349259555,-0.250505177053706,-0.196457662910252,-0.142446592379017,-0.0388953649381315,70370.5381505915,1.00002809611259,1,"VN32"
"c158",0.000113439694728276,0.000283332162653701,0.080326146107025,-0.157315520870061,-0.0542152495282494,0.000128582552733493,0.0543049564268266,0.157911627048053,80375.2077676512,1.00006285889286,2,"VN32"
"c257",-0.000117609308815575,0.000289901531363757,0.0803469610133989,-0.157647791920717,-0.0545247843115995,0.000158380335076681,0.0541929334280236,0.156653986478659,76813.5595795925,1.00003462411262,3,"VN32"
"c357",0.195822021489165,0.000298700992243451,0.0806156908000059,0.0375888516507521,0.14141577045017,0.196051302545414,0.250371928808823,0.353386518612202,72839.3110061701,1.00003454974792,4,"VN32"
"c87",-0.238052735454843,0.000136011351259302,0.0370162560366937,-0.310366482870574,-0.263089127943235,-0.238077645469645,-0.213007960720644,-0.165407423908548,74068.6911330126,1.00004277056977,1,"VN33"
"c159",-0.000108773710451382,0.000136409083775527,0.0370351969475443,-0.0726757746696485,-0.0251099129132307,-7.43924171288865e-05,0.0249448367440781,0.0726674502951048,73712.7702848273,1.00003494936733,2,"VN33"
"c258",0.000128514970806153,0.000138417190359333,0.0370509053033065,-0.0723262241168928,-0.0249702407332206,0.000137362142233989,0.0252533614982828,0.0726409676013462,71650.230020605,1.00006051449663,3,"VN33"
"c358",0.238263786411339,0.000134206259212943,0.036984140792972,0.165180956660822,0.213512199089366,0.238360892481155,0.263147698566328,0.310421400347448,75942.6110517307,1.00004035175708,4,"VN33"
"c88",-0.228730505601932,0.000198718662017313,0.0537967707437966,-0.333949770157543,-0.265042432404198,-0.228835582602057,-0.192522309297929,-0.123337881332721,73288.3772045733,1.00001820322143,1,"VN34"
"c160",3.70164828639133e-05,0.000192850066924559,0.0537912834821793,-0.105787571462698,-0.0360982060772319,0.000128854519867831,0.0363444773905628,0.105106782229618,77800.8292275228,1.00006729746826,2,"VN34"
"c259",0.000187971835069197,0.000199654064384382,0.0538213805196825,-0.105396474612296,-0.036192046345269,0.000136088878249376,0.0364398692561229,0.105966461007608,72669.6979809863,1.00002926145871,3,"VN34"
"c359",0.229112169879168,0.000202357794820695,0.0537084010618037,0.124037292946496,0.192870472898596,0.228965459036303,0.265338083951986,0.33487911075821,70444.0911688445,1.00005974849904,4,"VN34"
"c89",-0.228142184716138,0.000188076242460604,0.0521961602146268,-0.330374854386991,-0.263306425968002,-0.228190125731417,-0.192784162702659,-0.125964278886923,77021.0140137769,1.00005337509309,1,"VN35"
"c161",0.000412888122554151,0.00019258482915777,0.0521244230644036,-0.101622600735999,-0.0347894015565301,0.000565372188777519,0.0354448107542485,0.102681981416688,73255.1862368588,1.00004809086518,2,"VN35"
"c260",-7.40711921982706e-05,0.000192973239452822,0.0525234219666788,-0.102780031977707,-0.0353253609187002,-3.06042947707167e-05,0.0353032474333975,0.102806263443674,74081.8555085957,1.00003935072749,3,"VN35"
"c360",0.227864122452541,0.000191628272153824,0.0523282337380237,0.125310941602108,0.192663412966485,0.227789935805359,0.263156640245673,0.33030580548611,74568.0840653589,1.00007049548163,4,"VN35"
"c90",-0.240425193874281,0.000160880635068246,0.043801117164402,-0.326203055946682,-0.270115116730233,-0.240442743803952,-0.21069890532992,-0.154794931257312,74124.6799294958,1.00009984434082,1,"VN36"
"c162",-2.98725145401335e-05,0.000162065304022432,0.043777683770415,-0.086155228597817,-0.0294333738750528,2.60923871422472e-05,0.0294175574521531,0.0857876716170291,72966.8273232983,1.00003830002548,2,"VN36"
"c261",-0.000316131953351918,0.000159838291319512,0.0438751022427359,-0.0865944856541896,-0.0297890466187918,-0.00021595852232803,0.0294277888322409,0.0854544107648332,75348.5026833049,1.00006766408905,3,"VN36"
"c361",0.240615155122923,0.000165353801264076,0.0437573119849142,0.154658766324321,0.211184826033057,0.240782081886457,0.270101411965625,0.326266123804323,70028.1904786002,1.00002332508724,4,"VN36"
"c91",-0.202042686396272,0.000315020002522602,0.0869104333405532,-0.37270822322587,-0.260732699307624,-0.202092497173765,-0.14353733867506,-0.0321433768405197,76114.5298961788,1.00002286342387,1,"VN37"
"c163",0.000215459212014318,0.000322325558680404,0.0867740622364035,-0.169594686896304,-0.0584383070502157,0.000121621566009797,0.0588269711090196,0.169677477436991,72475.3580792399,0.99999575249067,2,"VN37"
"c262",-9.9968173103798e-05,0.00032416082172309,0.0867284337131552,-0.17037913358205,-0.0586558904618134,6.37046486637698e-05,0.0586233759405136,0.169265109064387,71581.6916020487,1.00001242586756,3,"VN37"
"c362",0.201727438570617,0.000316746987590088,0.0870449506899412,0.0315752483242392,0.143180004635795,0.201846748894356,0.260359477133689,0.371889816140938,75520.0346800527,1.00000272697657,4,"VN37"
"c92",-0.229464048593156,0.00019023352991056,0.0520332811556039,-0.331413247699931,-0.26458406282949,-0.229496592791755,-0.194521472996158,-0.127469450716164,74814.93319459,1.00007817766836,1,"VN38"
"c164",-3.54101436375376e-05,0.000186855466814007,0.0519750413613944,-0.101653284588809,-0.0351375268579276,-7.40779154999698e-05,0.0349390020066358,0.101798644873484,77370.9750965994,1.00004031658854,2,"VN38"
"c263",-3.53951080381473e-05,0.000197671392531014,0.0517867617790774,-0.102194929532185,-0.0348813627275521,3.5857136444448e-05,0.0349239811620198,0.101115781306134,68635.6684171436,1.00003828066387,3,"VN38"
"c363",0.229253820055471,0.000185890892506106,0.0521089892133696,0.127021204931583,0.194177276157795,0.229286691879773,0.264563479096561,0.331266166748659,78579.4659438538,1.0001025403299,4,"VN38"
"c93",-0.227469262790407,0.000207064624828692,0.0555971705704675,-0.336665631417856,-0.264698851352294,-0.227455150552159,-0.190145789649634,-0.117842786923584,72093.0767864174,1.00002143199147,1,"VN39"
"c165",0.000137119319750711,0.000208446651759808,0.0552446217327607,-0.108808124154159,-0.036968603711587,0.000400733058500069,0.0372791966434309,0.108279390516306,70240.9151831383,1.00001536424919,2,"VN39"
"c264",-0.000151372026521657,0.00020507549183487,0.0553120755474306,-0.109458130242356,-0.0374348771882222,-6.87866177590708e-05,0.0373321721916144,0.108003175622725,72746.5475534848,1.00008862624044,3,"VN39"
"c364",0.22791087422807,0.00020220633583926,0.0556836449448995,0.119046483548136,0.190462929472524,0.227806917199347,0.265396982031581,0.33721838891683,75834.3192145743,1.0000268418829,4,"VN39"
"c94",-0.214649737587508,0.000243847015237093,0.0667462267846445,-0.345160505182793,-0.259622335419489,-0.214728598689549,-0.169819351923459,-0.0831347400273185,74923.585291472,1.00007159441194,1,"VN41"
"c166",-3.5886502283173e-05,0.000256571667309806,0.0668486167823951,-0.131427248887518,-0.0451767095137016,-1.15603450495348e-05,0.0451155998922725,0.131281141190931,67884.0051709182,1.00001828630857,2,"VN41"
"c265",-3.46363524311713e-05,0.000249204126060319,0.0668867121394507,-0.130704146907556,-0.0452260142713808,-0.000161343673093922,0.0451849932356107,0.131375762375497,72039.2594346174,0.999999243521092,3,"VN41"
"c365",0.214442780936709,0.000247838276596382,0.0667744247276698,0.0831534545935697,0.169618007018316,0.214265822405206,0.259311871255368,0.345541551738431,72591.1287493297,1.00000116722498,4,"VN41"
"c95",-0.23861194702882,0.000160499839748796,0.0441851469376343,-0.325405626676143,-0.268537303159359,-0.238505715766643,-0.208627362871977,-0.15224760164036,75788.5155814818,1.00008003277872,1,"VN42"
"c167",-6.69162450694095e-05,0.000163203397094576,0.0443104270000814,-0.0869256247111722,-0.0297521747723492,-9.43226677259292e-05,0.0297435625440422,0.0870438624194033,73714.5946149063,1.00002753110836,2,"VN42"
"c266",0.000325266797958134,0.000164145180647195,0.0443088306693424,-0.0865670330034653,-0.0294149679486536,0.000198275335023313,0.0301076401595362,0.0874337251821406,72865.8953007292,1.00004514909842,3,"VN42"
"c366",0.238683252992173,0.000167928910160175,0.0441218267416215,0.152375403371431,0.208958857568121,0.238560617620938,0.268408213406373,0.325330764395032,69032.8861434493,1.00004388640888,4,"VN42"
"c96",-0.207352393762269,0.000286511973517157,0.0778538697566245,-0.359949943264891,-0.260019913852393,-0.207045099822924,-0.154602363107805,-0.0554393056916739,73837.1382581162,1.00000740387117,1,"VN46"
"c168",-0.000522670023889942,0.000280957798563295,0.0778436039299108,-0.153730391833767,-0.0528907089111601,-0.000537233702908577,0.0519297405524749,0.151603917551107,76765.076294866,1.00000855671648,2,"VN46"
"c267",-6.83551898184159e-05,0.000294078112857773,0.0777238617660198,-0.151773113463722,-0.0526690361683334,-6.70468257468383e-05,0.0522243863791739,0.153202780102774,69852.7222558033,1.00000922069904,3,"VN46"
"c367",0.207954255087418,0.000281962745047024,0.0777003263303542,0.055180542080658,0.155806402497014,0.207849952065905,0.260530980869312,0.359891872532917,75938.5369360348,1.00007252390451,4,"VN46"
"c97",-0.243827587355705,0.000106682082948032,0.0286162831501638,-0.299813115216439,-0.263261572609352,-0.243764657696987,-0.22451993341658,-0.187685944373584,71952.1002844828,1.00004393355787,1,"VN47"
"c169",1.99759875468382e-05,0.000110021772197793,0.0286294579491804,-0.0559083771917302,-0.0193863035514589,-3.96724353542641e-05,0.0194131574511378,0.0562256710411389,67712.5202712102,1.00000832513568,2,"VN47"
"c268",-5.94828922683974e-05,0.000105120332240437,0.0286748847225272,-0.0561054489528743,-0.0194328229786358,-3.14594187118356e-05,0.0192936291223232,0.0560648923572778,74409.7613439168,1.0000096092349,3,"VN47"
"c368",0.243813274805146,0.000108467833423714,0.0286248834475204,0.187791388103399,0.22454434661865,0.243773210517675,0.263131282026711,0.299962742224288,69644.2912542978,1.00009817437252,4,"VN47"
"c98",-0.211060632412503,0.000314140315127217,0.0839385841195504,-0.3757350438601,-0.267335026071171,-0.211277434829525,-0.154587489559495,-0.0464194737145605,71396.336596606,1.00001910253736,1,"VN48"
"c170",6.4587841870483e-05,0.000315673404172697,0.0840270729590711,-0.165306438229575,-0.0565646842292415,0.000114507303619307,0.0565563900754531,0.164338280967358,70853.6917276305,1.00000483437899,2,"VN48"
"c269",0.000800615937304425,0.00030573198784679,0.0839958138173399,-0.163518980444324,-0.055994475313285,0.00068883163353691,0.0573775756907533,0.166109560365141,75480.283787003,1.00004290414322,3,"VN48"
"c369",0.210986691327066,0.000311713253450645,0.0840817861991029,0.0460777367789626,0.154220379427645,0.211165489419689,0.267420463189515,0.376015354389873,72760.1058352344,1.00002365834903,4,"VN48"
"c99",-0.239864975914923,0.00013987830288802,0.0377549964646635,-0.313805565646509,-0.265382059834066,-0.239900907873072,-0.214328895649599,-0.165908027102542,72853.120566453,1.00000762186603,1,"VN49"
"c171",-0.00019038600354048,0.000137436631150367,0.0378011365949666,-0.0740336208182347,-0.0258259053393417,-0.000252216889871695,0.0253114515792402,0.0740230883747483,75649.265242692,1.00007771547214,2,"VN49"
"c270",8.0211287596849e-05,0.000144255382150466,0.0377935885649804,-0.0740157289527218,-0.0254285980676967,0.000111240600899162,0.0256353441327185,0.0739132150337987,68639.1995932079,1.00000409213459,3,"VN49"
"c370",0.239509548382077,0.000144378090397624,0.037663449372981,0.165510501710275,0.214108763737681,0.239446742708056,0.264955164490895,0.313209580496336,68051.4835148018,1.00007731925951,4,"VN49"
"c100",-0.247977435086217,6.07984385451538e-05,0.016481912289691,-0.280238727445841,-0.259073462882815,-0.2479545739833,-0.236824688778158,-0.215731268306627,73490.3551261201,1.00001315977283,1,"VN50"
"c172",6.6670703090524e-05,6.21656566465945e-05,0.0163711706014263,-0.0320096776936496,-0.0109825388910801,5.03599063143775e-05,0.0111393886789355,0.0322167740823111,69351.9086172862,1.00001988364442,2,"VN50"
"c271",3.21939863890988e-05,6.15218143281088e-05,0.0164253893680081,-0.0321189336138669,-0.0110382597018879,7.41215024546941e-05,0.0110855146597173,0.0321849001646638,71280.8840731457,1.00001242452935,3,"VN50"
"c371",0.248090960887059,6.17695383854948e-05,0.0164653486504119,0.2157438652665,0.237004480704358,0.248070013974201,0.259173499340197,0.280358790255734,71054.7557498078,1.00001668728921,4,"VN50"
